Model,Accuracy,Precision,Recall,F1-Score,Training Time (s)
Naive Bayes,0.8867132867132868,0.888030144234723,0.8867132867132868,0.8844478230509647,0.4286227226257324
KNN,0.7643356643356644,0.7634414730284157,0.7643356643356644,0.7603406544738914,0.40206408500671387
Logistic Regression,0.9146853146853147,0.916289064753622,0.9146853146853147,0.9129746993778387,2.1843209266662598
